<?xml version="1.0" encoding="UTF-8"?>
<project-private xmlns="http://www.netbeans.org/ns/project-private/1">
    <editor-bookmarks xmlns="http://www.netbeans.org/ns/editor-bookmarks/2" lastBookmarkId="0"/>
    <open-files xmlns="http://www.netbeans.org/ns/projectui-open-files/2">
        <group>
            <file>file:/D:/FPTPOLYTECHNIC/Summer2024/NguyenVanHoan_DA1/src/View/View_Start.java</file>
            <file>file:/D:/FPTPOLYTECHNIC/Summer2024/NguyenVanHoan_DA1/src/View/View_BanHang.java</file>
            <file>file:/D:/FPTPOLYTECHNIC/Summer2024/NguyenVanHoan_DA1/src/Repository/Repositories_TheBan.java</file>
            <file>file:/D:/FPTPOLYTECHNIC/Summer2024/NguyenVanHoan_DA1/src/Repository/Reporitories_BanHang.java</file>
            <file>file:/D:/FPTPOLYTECHNIC/Summer2024/NguyenVanHoan_DA1/src/View/View_Login.java</file>
        </group>
    </open-files>
</project-private>
